{
	"info": {
		"_postman_id": "c50c014b-fef6-440b-b328-1cbf7e62d745",
		"name": "Authentication",
		"schema": "https://schema.getpostman.com/json/collection/v2.1.0/collection.json"
	},
	"item": [
		{
			"name": "Tokens",
			"item": [
				{
					"name": "User Token",
					"event": [
						{
							"listen": "test",
							"script": {
								"exec": [
									"let jsonData = pm.response.json();\r",
									"pm.environment.set(\"access_token\", jsonData[\"access_token\"]);\r",
									"pm.environment.set(\"refresh_token\", jsonData[\"refresh_token\"]);"
								],
								"type": "text/javascript"
							}
						}
					],
					"request": {
						"auth": {
							"type": "noauth"
						},
						"method": "POST",
						"header": [],
						"body": {
							"mode": "urlencoded",
							"urlencoded": [
								{
									"key": "grant_type",
									"value": "password",
									"type": "text"
								},
								{
									"key": "username",
									"value": "{{username}}",
									"type": "text"
								},
								{
									"key": "password",
									"value": "{{password}}",
									"type": "text"
								},
								{
									"key": "account_id",
									"value": "{{accountID}}",
									"type": "text"
								}
							]
						},
						"url": {
							"raw": "{{auth_url}}/token",
							"host": [
								"{{auth_url}}"
							],
							"path": [
								"token"
							]
						}
					},
					"response": []
				},
				{
					"name": "Client Token",
					"event": [
						{
							"listen": "test",
							"script": {
								"exec": [
									"let jsonData = pm.response.json();\r",
									"pm.environment.set(\"access_token\", jsonData[\"access_token\"]);\r",
									"pm.environment.set(\"refresh_token\", jsonData[\"refresh_token\"]);"
								],
								"type": "text/javascript"
							}
						}
					],
					"request": {
						"auth": {
							"type": "noauth"
						},
						"method": "POST",
						"header": [],
						"body": {
							"mode": "urlencoded",
							"urlencoded": [
								{
									"key": "grant_type",
									"value": "client_credentials",
									"type": "text"
								},
								{
									"key": "client_id",
									"value": "{{clientId}}",
									"type": "text"
								},
								{
									"key": "client_secret",
									"value": "{{client_secret}}",
									"type": "text"
								},
								{
									"key": "account_id",
									"value": "{{accountID}}",
									"type": "text"
								},
								{
									"key": "principalId",
									"value": "",
									"type": "text",
									"disabled": true
								},
								{
									"key": "uniqueUserId",
									"value": "",
									"type": "text",
									"disabled": true
								},
								{
									"key": "UserId",
									"value": "",
									"type": "text",
									"disabled": true
								},
								{
									"key": "name",
									"value": "",
									"type": "text",
									"disabled": true
								},
								{
									"key": "role",
									"value": "",
									"type": "text",
									"disabled": true
								},
								{
									"key": "email",
									"value": "",
									"type": "text",
									"disabled": true
								},
								{
									"key": "emailVerified",
									"value": "",
									"type": "text",
									"disabled": true
								},
								{
									"key": "phone",
									"value": "",
									"type": "text",
									"disabled": true
								},
								{
									"key": "phoneVerified",
									"value": "",
									"type": "text",
									"disabled": true
								},
								{
									"key": "mobile",
									"value": "",
									"type": "text",
									"disabled": true
								},
								{
									"key": "mobileVerified",
									"value": "",
									"type": "text",
									"disabled": true
								},
								{
									"key": "extension",
									"value": "",
									"type": "text",
									"disabled": true
								},
								{
									"key": "extensionVerified",
									"value": "",
									"type": "text",
									"disabled": true
								},
								{
									"key": "photUrl",
									"value": "",
									"type": "text",
									"disabled": true
								},
								{
									"key": "profileHeaderUrl",
									"value": "",
									"type": "text",
									"disabled": true
								},
								{
									"key": "languageCode",
									"value": "",
									"type": "text",
									"disabled": true
								},
								{
									"key": "loginId",
									"value": "",
									"type": "text",
									"disabled": true
								},
								{
									"key": "siteId",
									"value": "",
									"type": "text",
									"disabled": true
								}
							]
						},
						"url": {
							"raw": "{{auth_url}}/token",
							"host": [
								"{{auth_url}}"
							],
							"path": [
								"token"
							]
						}
					},
					"response": []
				},
				{
					"name": "OpenID Connect Token",
					"event": [
						{
							"listen": "test",
							"script": {
								"exec": [
									"let jsonData = pm.response.json();\r",
									"pm.environment.set(\"access_token\", jsonData[\"access_token\"]);\r",
									"pm.environment.set(\"refresh_token\", jsonData[\"refresh_token\"]);"
								],
								"type": "text/javascript"
							}
						}
					],
					"request": {
						"auth": {
							"type": "noauth"
						},
						"method": "POST",
						"header": [],
						"body": {
							"mode": "urlencoded",
							"urlencoded": [
								{
									"key": "grant_type",
									"value": "authorization_code",
									"type": "text"
								},
								{
									"key": "code",
									"value": "{{authorization_code}}",
									"type": "text"
								},
								{
									"key": "client_id",
									"value": "{{applicationId}}",
									"type": "text"
								},
								{
									"key": "code_verifier",
									"value": "",
									"type": "text",
									"disabled": true
								}
							]
						},
						"url": {
							"raw": "{{auth_url}}/token",
							"host": [
								"{{auth_url}}"
							],
							"path": [
								"token"
							]
						}
					},
					"response": []
				},
				{
					"name": "Refresh Token",
					"event": [
						{
							"listen": "test",
							"script": {
								"exec": [
									"let jsonData = pm.response.json();\r",
									"pm.environment.set(\"access_token\", jsonData[\"access_token\"]);\r",
									"pm.environment.set(\"refresh_token\", jsonData[\"refresh_token\"]);"
								],
								"type": "text/javascript"
							}
						}
					],
					"request": {
						"auth": {
							"type": "noauth"
						},
						"method": "POST",
						"header": [],
						"body": {
							"mode": "urlencoded",
							"urlencoded": [
								{
									"key": "grant_type",
									"value": "refresh_token",
									"type": "text"
								},
								{
									"key": "refresh_token",
									"value": "{{refresh_token}}",
									"type": "text"
								}
							]
						},
						"url": {
							"raw": "{{auth_url}}/token",
							"host": [
								"{{auth_url}}"
							],
							"path": [
								"token"
							]
						}
					},
					"response": []
				}
			]
		},
		{
			"name": "OpenID Connect (Authorize)",
			"item": [
				{
					"name": "Create Authorization Code",
					"event": [
						{
							"listen": "test",
							"script": {
								"exec": [
									"let jsonData = pm.response.json();\r",
									"pm.environment.set(\"authorization_code\", jsonData[\"code\"]);"
								],
								"type": "text/javascript"
							}
						}
					],
					"request": {
						"auth": {
							"type": "noauth"
						},
						"method": "POST",
						"header": [
							{
								"key": "x-mitel-app",
								"value": "{{x-mitel-app}}",
								"type": "text"
							}
						],
						"body": {
							"mode": "urlencoded",
							"urlencoded": [
								{
									"key": "client_id",
									"value": "{{applicationId}}",
									"type": "text"
								},
								{
									"key": "response_type",
									"value": "code",
									"type": "text"
								},
								{
									"key": "username",
									"value": "{{username}}",
									"type": "text"
								},
								{
									"key": "password",
									"value": "{{password}}",
									"type": "text"
								},
								{
									"key": "account_id",
									"value": "{{accountID}}",
									"type": "text"
								},
								{
									"key": "redirect_uri",
									"value": "",
									"type": "text"
								},
								{
									"key": "code_challenge_method",
									"value": "",
									"type": "text",
									"disabled": true
								},
								{
									"key": "code_challenge",
									"value": "",
									"type": "text",
									"disabled": true
								},
								{
									"key": "id_token_hint",
									"value": "",
									"type": "text",
									"disabled": true
								},
								{
									"key": "target_client_id",
									"value": "",
									"type": "text",
									"disabled": true
								}
							]
						},
						"url": {
							"raw": "{{auth_url}}/authorize",
							"host": [
								"{{auth_url}}"
							],
							"path": [
								"authorize"
							]
						}
					},
					"response": []
				}
			]
		},
		{
			"name": "API Specification",
			"request": {
				"method": "GET",
				"header": [],
				"url": {
					"raw": "{{auth_url}}/_spec",
					"host": [
						"{{auth_url}}"
					],
					"path": [
						"_spec"
					]
				}
			},
			"response": []
		}
	],
	"event": [
		{
			"listen": "prerequest",
			"script": {
				"type": "text/javascript",
				"exec": [
					""
				]
			}
		},
		{
			"listen": "test",
			"script": {
				"type": "text/javascript",
				"exec": [
					""
				]
			}
		}
	]
}