{
	"info": {
		"_postman_id": "1e6e9fa9-1e12-4261-8f24-e257af89fa3e",
		"name": "Notifications",
		"schema": "https://schema.getpostman.com/json/collection/v2.1.0/collection.json"
	},
	"item": [
		{
			"name": "Subscriptions",
			"item": [
				{
					"name": "A Subscription",
					"request": {
						"method": "GET",
						"header": [
							{
								"key": "x-mitel-app",
								"value": "{{x-mitel-app}}",
								"type": "text"
							}
						],
						"url": {
							"raw": "{{notify_url}}/subscriptions/{{subscriptionId}}",
							"host": [
								"{{notify_url}}"
							],
							"path": [
								"subscriptions",
								"{{subscriptionId}}"
							]
						}
					},
					"response": []
				},
				{
					"name": "Subscriptions",
					"request": {
						"method": "GET",
						"header": [
							{
								"key": "x-mitel-app",
								"value": "{{x-mitel-app}}",
								"type": "text"
							}
						],
						"url": {
							"raw": "{{notify_url}}/subscriptions",
							"host": [
								"{{notify_url}}"
							],
							"path": [
								"subscriptions"
							],
							"query": [
								{
									"key": "$skip",
									"value": null,
									"description": "Number of items to skip",
									"disabled": true
								},
								{
									"key": "$skipToken",
									"value": null,
									"description": "Token by which items are skipped",
									"disabled": true
								},
								{
									"key": "$top",
									"value": null,
									"description": "Number of items to include",
									"disabled": true
								},
								{
									"key": "$filter",
									"value": null,
									"description": "Filter which subscriptions are returned. Example: ?$filter=topic eq 'sample-topic' and createdOn lt '2018-03-14T15:09:26.535Z'",
									"disabled": true
								}
							]
						}
					},
					"response": []
				},
				{
					"name": "Create a Subscription",
					"request": {
						"method": "POST",
						"header": [
							{
								"key": "x-mitel-app",
								"value": "{{x-mitel-app}}",
								"type": "text"
							}
						],
						"body": {
							"mode": "raw",
							"raw": "{\r\n    \"applicationId\": \"string\",\r\n    \"deviceId\": \"string\",\r\n    \"transport\": \"fcm\",\r\n    \"topic\": \"string\",\r\n    \"subjectFilter\": \"string\",\r\n    \"methodFilter\": \"string\",\r\n    \"publicationFilter\": \"string\",\r\n    \"context\": \"string\",\r\n    \"recordNotifications\": true,\r\n    \"expiryDateTime\": \"2019-08-24T14:15:22Z\",\r\n    \"title\": \"string\",\r\n    \"titleKey\": \"string\",\r\n    \"titleArgs\": [\r\n        \"string\"\r\n    ],\r\n    \"body\": \"string\",\r\n    \"bodyKey\": \"string\",\r\n    \"bodyArgs\": [\r\n        \"string\"\r\n    ],\r\n    \"iconKey\": \"string\",\r\n    \"color\": \"string\",\r\n    \"soundKey\": \"string\",\r\n    \"threadId\": \"string\",\r\n    \"actionKey\": \"string\",\r\n    \"publicationTimeToLiveSeconds\": 0,\r\n    \"batchReceive\": true\r\n}",
							"options": {
								"raw": {
									"language": "json"
								}
							}
						},
						"url": {
							"raw": "{{notify_url}}/subscriptions",
							"host": [
								"{{notify_url}}"
							],
							"path": [
								"subscriptions"
							]
						}
					},
					"response": []
				},
				{
					"name": "Update a Subscription",
					"request": {
						"method": "PUT",
						"header": [
							{
								"key": "x-mitel-app",
								"value": "{{x-mitel-app}}",
								"type": "text"
							}
						],
						"body": {
							"mode": "raw",
							"raw": "{\r\n    \"deviceId\": \"string\",\r\n    \"subjectFilter\": \"string\",\r\n    \"methodFilter\": \"string\",\r\n    \"publicationFilter\": \"string\",\r\n    \"context\": \"string\",\r\n    \"recordNotifications\": true,\r\n    \"expiryDateTime\": \"2019-08-24T14:15:22Z\",\r\n    \"title\": \"string\",\r\n    \"titleKey\": \"string\",\r\n    \"titleArgs\": [\r\n        \"string\"\r\n    ],\r\n    \"body\": \"string\",\r\n    \"bodyKey\": \"string\",\r\n    \"bodyArgs\": [\r\n        \"string\"\r\n    ],\r\n    \"iconKey\": \"string\",\r\n    \"color\": \"string\",\r\n    \"soundKey\": \"string\",\r\n    \"threadId\": \"string\",\r\n    \"actionKey\": \"string\",\r\n    \"publicationTimeToLiveSeconds\": 0\r\n}",
							"options": {
								"raw": {
									"language": "json"
								}
							}
						},
						"url": {
							"raw": "{{notify_url}}/subscriptions",
							"host": [
								"{{notify_url}}"
							],
							"path": [
								"subscriptions"
							]
						}
					},
					"response": []
				},
				{
					"name": "A Subscription",
					"request": {
						"method": "DELETE",
						"header": [
							{
								"key": "x-mitel-app",
								"value": "{{x-mitel-app}}",
								"type": "text"
							}
						],
						"url": {
							"raw": "{{notify_url}}/subscriptions/{{subscriptionId}}",
							"host": [
								"{{notify_url}}"
							],
							"path": [
								"subscriptions",
								"{{subscriptionId}}"
							]
						}
					},
					"response": []
				}
			]
		},
		{
			"name": "Publications",
			"item": [
				{
					"name": "Create New Connection for Publications",
					"request": {
						"method": "POST",
						"header": [
							{
								"key": "x-mitel-app",
								"value": "{{x-mitel-app}}",
								"type": "text"
							}
						],
						"body": {
							"mode": "raw",
							"raw": "{\r\n    \"transport\": \"websocket\"\r\n}",
							"options": {
								"raw": {
									"language": "json"
								}
							}
						},
						"url": {
							"raw": "{{notify_url}}/connections",
							"host": [
								"{{notify_url}}"
							],
							"path": [
								"connections"
							]
						}
					},
					"response": []
				},
				{
					"name": "Create New Connection for Publications Copy",
					"request": {
						"method": "PATCH",
						"header": [
							{
								"key": "x-mitel-app",
								"value": "{{x-mitel-app}}",
								"type": "text"
							}
						],
						"body": {
							"mode": "raw",
							"raw": "{\r\n    \"ops\": [\r\n        {}\r\n    ],\r\n    \"continueOnError\": true\r\n}",
							"options": {
								"raw": {
									"language": "json"
								}
							}
						},
						"url": {
							"raw": "{{notify_url}}/publications",
							"host": [
								"{{notify_url}}"
							],
							"path": [
								"publications"
							]
						}
					},
					"response": []
				},
				{
					"name": "Send a Publication",
					"request": {
						"method": "POST",
						"header": [
							{
								"key": "x-mitel-app",
								"value": "{{x-mitel-app}}",
								"type": "text"
							}
						],
						"body": {
							"mode": "raw",
							"raw": "{\r\n    \"topic\": \"string\",\r\n    \"method\": \"string\",\r\n    \"subject\": \"string\",\r\n    \"content\": null,\r\n    \"subscriptionFilter\": \"string\",\r\n    \"accountId\": \"string\",\r\n    \"principalId\": \"string\",\r\n    \"principalFilter\": [\r\n        \"string\"\r\n    ]\r\n}",
							"options": {
								"raw": {
									"language": "json"
								}
							}
						},
						"url": {
							"raw": "{{notify_url}}/publications",
							"host": [
								"{{notify_url}}"
							],
							"path": [
								"publications"
							]
						}
					},
					"response": []
				}
			]
		},
		{
			"name": "Notification",
			"item": [
				{
					"name": "History of Notification Subscriptions",
					"request": {
						"method": "GET",
						"header": [
							{
								"key": "x-mitel-app",
								"value": "{{x-mitel-app}}",
								"type": "text"
							}
						],
						"url": {
							"raw": "{{notify_url}}/notifications",
							"host": [
								"{{notify_url}}"
							],
							"path": [
								"notifications"
							],
							"query": [
								{
									"key": "$skip",
									"value": null,
									"description": "Number of items to skip",
									"disabled": true
								},
								{
									"key": "$skipToken",
									"value": null,
									"description": "Token by which items are skipped",
									"disabled": true
								},
								{
									"key": "$top",
									"value": null,
									"description": "Number of items to include",
									"disabled": true
								},
								{
									"key": "$filter",
									"value": null,
									"description": "Filter which subscriptions are returned. Example: ?$filter=topic eq 'sample-topic' and createdOn lt '2018-03-14T15:09:26.535Z'",
									"disabled": true
								},
								{
									"key": "$orderby",
									"value": null,
									"description": "Determines the order in which items are returned based on a provided property and sort order ('desc' for descending or 'asc' for ascending). Currently only supports sorting on the 'createdOn' property. Example: ?$orderby=createdOn desc",
									"disabled": true
								}
							]
						}
					},
					"response": []
				}
			]
		},
		{
			"name": "API Specification",
			"request": {
				"method": "GET",
				"header": [],
				"url": {
					"raw": "{{notify_url}}/_spec",
					"host": [
						"{{notify_url}}"
					],
					"path": [
						"_spec"
					]
				}
			},
			"response": []
		}
	],
	"auth": {
		"type": "bearer",
		"bearer": [
			{
				"key": "token",
				"value": "{{access_token}}",
				"type": "string"
			}
		]
	},
	"event": [
		{
			"listen": "prerequest",
			"script": {
				"type": "text/javascript",
				"exec": [
					""
				]
			}
		},
		{
			"listen": "test",
			"script": {
				"type": "text/javascript",
				"exec": [
					""
				]
			}
		}
	]
}