{
	"id": "b39063cb-7f8a-4f8c-af39-9ddc914328e9",
	"name": "CloudLink",
	"values": [
		{
			"key": "access_token",
			"value": "",
			"enabled": true
		},
		{
			"key": "refresh_token",
			"value": "",
			"enabled": true
		},
		{
			"key": "username",
			"value": "",
			"enabled": true
		},
		{
			"key": "password",
			"value": "",
			"enabled": true
		},
		{
			"key": "accountID",
			"value": "",
			"enabled": true
		},
		{
			"key": "x-mitel-app",
			"value": "app=appName/appVersion;platform=os/osVersion;session=session-id;",
			"enabled": true
		},
		{
			"key": "admin_url",
			"value": "https://admin.api.mitel.io/2017-09-01",
			"enabled": true
		},
		{
			"key": "auth_url",
			"value": "https://authentication.api.mitel.io/2017-09-01",
			"enabled": true
		},
		{
			"key": "presence_url",
			"value": "https://presence.api.mitel.io/2017-09-01",
			"enabled": true
		},
		{
			"key": "chat_url",
			"value": "https://chat.api.mitel.io/2017-09-01",
			"enabled": true
		},
		{
			"key": "notify_url",
			"value": "https://notifications.api.mitel.io/2017-09-01",
			"enabled": true
		},
		{
			"key": "media_url",
			"value": "https://media.api.mitel.io/2017-09-01",
			"enabled": true
		},
		{
			"key": "applicationId",
			"value": "",
			"enabled": true
		},
		{
			"key": "servicedelivery_url",
			"value": "https://service-delivery.api.mitel.io/2022-01-30",
			"type": "default",
			"enabled": true
		}
	],
	"_postman_variable_scope": "environment",
	"_postman_exported_at": "2023-11-16T13:44:28.198Z",
	"_postman_exported_using": "Postman/10.20.0"
}