{
	"id": "b39063cb-7f8a-4f8c-af39-9ddc914328e9",
	"name": "CloudLink",
	"values": [
		{
			"key": "access_token",
			"value": "",
			"enabled": true
		},
		{
			"key": "refresh_token",
			"value": "",
			"enabled": true
		},
		{
			"key": "username",
			"value": "",
			"enabled": true
		},
		{
			"key": "password",
			"value": "",
			"enabled": true
		},
		{
			"key": "accountID",
			"value": "",
			"enabled": true
		},
		{
			"key": "x-mitel-app",
			"value": "appName/appVersion;platform=os/osVersion;session=session-id;",
			"enabled": true
		},
		{
			"key": "admin_url",
			"value": "https://admin.dev.api.mitel.io/2017-09-01",
			"enabled": true
		},
		{
			"key": "auth_url",
			"value": "https://authentication.dev.api.mitel.io/2017-09-01",
			"enabled": true
		},
		{
			"key": "presence_url",
			"value": "https://presence.dev.api.mitel.io/2017-09-01",
			"enabled": true
		},
		{
			"key": "chat_url",
			"value": "https://chat.dev.api.mitel.io/2017-09-01",
			"enabled": true
		},
		{
			"key": "notify_url",
			"value": "https://notifications.dev.api.mitel.io/2017-09-01",
			"enabled": true
		},
		{
			"key": "media_url",
			"value": "https://media.dev.api.mitel.io/2017-09-01",
			"enabled": true
		}
	],
	"_postman_variable_scope": "environment",
	"_postman_exported_at": "2021-04-06T18:18:32.442Z",
	"_postman_exported_using": "Postman/8.1.0"
}