{
	"info": {
		"_postman_id": "c50c014b-fef6-440b-b328-1cbf7e62d745",
		"name": "Authentication",
		"schema": "https://schema.getpostman.com/json/collection/v2.1.0/collection.json"
	},
	"item": [
		{
			"name": "Token",
			"event": [
				{
					"listen": "test",
					"script": {
						"exec": [
							"let jsonData = pm.response.json();\r",
							"pm.environment.set(\"access_token\", jsonData[\"access_token\"]);\r",
							"pm.environment.set(\"refresh_token\", jsonData[\"refresh_token\"]);"
						],
						"type": "text/javascript"
					}
				}
			],
			"request": {
				"auth": {
					"type": "noauth"
				},
				"method": "POST",
				"header": [],
				"body": {
					"mode": "urlencoded",
					"urlencoded": [
						{
							"key": "grant_type",
							"value": "password",
							"type": "text"
						},
						{
							"key": "username",
							"value": "{{username}}",
							"type": "text"
						},
						{
							"key": "password",
							"value": "{{password}}",
							"type": "text"
						},
						{
							"key": "account_id",
							"value": "{{accountID}}",
							"type": "text"
						}
					]
				},
				"url": {
					"raw": "{{auth_url}}/token",
					"host": [
						"{{auth_url}}"
					],
					"path": [
						"token"
					]
				}
			},
			"response": []
		},
		{
			"name": "Refresh Token",
			"event": [
				{
					"listen": "test",
					"script": {
						"exec": [
							"let jsonData = pm.response.json();\r",
							"pm.environment.set(\"access_token\", jsonData[\"access_token\"]);\r",
							"pm.environment.set(\"refresh_token\", jsonData[\"refresh_token\"]);"
						],
						"type": "text/javascript"
					}
				}
			],
			"request": {
				"auth": {
					"type": "noauth"
				},
				"method": "POST",
				"header": [],
				"body": {
					"mode": "urlencoded",
					"urlencoded": [
						{
							"key": "grant_type",
							"value": "refresh_token",
							"type": "text"
						},
						{
							"key": "refresh_token",
							"value": "{{refresh_token}}",
							"type": "text"
						}
					]
				},
				"url": {
					"raw": "{{auth_url}}/token",
					"host": [
						"{{auth_url}}"
					],
					"path": [
						"token"
					]
				}
			},
			"response": []
		},
		{
			"name": "API Specification",
			"request": {
				"method": "GET",
				"header": [],
				"url": {
					"raw": "{{auth_url}}/_spec",
					"host": [
						"{{auth_url}}"
					],
					"path": [
						"_spec"
					]
				}
			},
			"response": []
		}
	],
	"event": [
		{
			"listen": "prerequest",
			"script": {
				"type": "text/javascript",
				"exec": [
					""
				]
			}
		},
		{
			"listen": "test",
			"script": {
				"type": "text/javascript",
				"exec": [
					""
				]
			}
		}
	]
}