{
	"info": {
		"_postman_id": "22732974-ab5d-416b-a377-6a781d88f929",
		"name": "Media",
		"schema": "https://schema.getpostman.com/json/collection/v2.1.0/collection.json"
	},
	"item": [
		{
			"name": "Calls",
			"item": [
				{
					"name": "Calls",
					"request": {
						"method": "GET",
						"header": [
							{
								"key": "x-mitel-app",
								"value": "{{x-mitel-app}}",
								"type": "text"
							}
						],
						"url": {
							"raw": "{{media_url}}/calls",
							"host": [
								"{{media_url}}"
							],
							"path": [
								"calls"
							],
							"query": [
								{
									"key": "$skip",
									"value": null,
									"description": "Number of items to skip",
									"disabled": true
								},
								{
									"key": "$top",
									"value": null,
									"description": "Number of items to include",
									"disabled": true
								},
								{
									"key": "$filter",
									"value": null,
									"description": "Odata filter param",
									"disabled": true
								}
							]
						}
					},
					"response": []
				},
				{
					"name": "Call State",
					"request": {
						"method": "GET",
						"header": [
							{
								"key": "x-mitel-app",
								"value": "{{x-mitel-app}}",
								"type": "text"
							}
						],
						"url": {
							"raw": "{{media_url}}/calls/{callID}",
							"host": [
								"{{media_url}}"
							],
							"path": [
								"calls",
								"{callID}"
							]
						}
					},
					"response": []
				},
				{
					"name": "Make a Call",
					"request": {
						"method": "POST",
						"header": [
							{
								"key": "x-mitel-app",
								"value": "{{x-mitel-app}}",
								"type": "text"
							}
						],
						"body": {
							"mode": "raw",
							"raw": "{\r\n    \"from\": \"string\",\r\n    \"fromName\": \"string\",\r\n    \"to\": \"string\",\r\n    \"record\": false,\r\n    \"timeoutMs\": \"6000\",\r\n    \"successUrl\": \"string\",\r\n    \"failureUrl\": \"string\",\r\n    \"associatedCallId\": \"string\"\r\n}",
							"options": {
								"raw": {
									"language": "json"
								}
							}
						},
						"url": {
							"raw": "{{media_url}}/calls",
							"host": [
								"{{media_url}}"
							],
							"path": [
								"calls"
							]
						}
					},
					"response": []
				},
				{
					"name": "Execute Call Control",
					"request": {
						"method": "POST",
						"header": [
							{
								"key": "x-mitel-app",
								"value": "{{x-mitel-app}}",
								"type": "text"
							}
						],
						"body": {
							"mode": "raw",
							"raw": "{\r\n    \"action\": \"answer\",\r\n    \"options\": {},\r\n    \"timeoutMilliseconds\": 0\r\n}",
							"options": {
								"raw": {
									"language": "json"
								}
							}
						},
						"url": {
							"raw": "{{media_url}}/calls/{callID}",
							"host": [
								"{{media_url}}"
							],
							"path": [
								"calls",
								"{callID}"
							]
						}
					},
					"response": []
				},
				{
					"name": "Terminate Call",
					"request": {
						"method": "DELETE",
						"header": [
							{
								"key": "x-mitel-app",
								"value": "{{x-mitel-app}}",
								"type": "text"
							}
						],
						"url": {
							"raw": "{{media_url}}/calls/{callID}",
							"host": [
								"{{media_url}}"
							],
							"path": [
								"calls",
								"{callID}"
							]
						}
					},
					"response": []
				}
			]
		},
		{
			"name": "Call History",
			"item": [
				{
					"name": "Call Records",
					"request": {
						"method": "GET",
						"header": [
							{
								"key": "x-mitel-app",
								"value": "{{x-mitel-app}}",
								"type": "text"
							}
						],
						"url": {
							"raw": "{{media_url}}/calls/records",
							"host": [
								"{{media_url}}"
							],
							"path": [
								"calls",
								"records"
							],
							"query": [
								{
									"key": "$skip",
									"value": null,
									"description": "Number of items to skip",
									"disabled": true
								},
								{
									"key": "$top",
									"value": null,
									"description": "Number of items to include",
									"disabled": true
								},
								{
									"key": "$filter",
									"value": null,
									"description": "Odata filter param",
									"disabled": true
								}
							]
						}
					},
					"response": []
				},
				{
					"name": "A Call Record",
					"request": {
						"method": "GET",
						"header": [
							{
								"key": "x-mitel-app",
								"value": "{{x-mitel-app}}",
								"type": "text"
							}
						],
						"url": {
							"raw": "{{media_url}}/calls/{callID}/records",
							"host": [
								"{{media_url}}"
							],
							"path": [
								"calls",
								"{callID}",
								"records"
							]
						}
					},
					"response": []
				},
				{
					"name": "Update Call History Records",
					"request": {
						"method": "PUT",
						"header": [
							{
								"key": "x-mitel-app",
								"value": "{{x-mitel-app}}",
								"type": "text"
							}
						],
						"body": {
							"mode": "raw",
							"raw": "{\r\n    \"hide\": true\r\n}",
							"options": {
								"raw": {
									"language": "json"
								}
							}
						},
						"url": {
							"raw": "{{media_url}}/calls/records",
							"host": [
								"{{media_url}}"
							],
							"path": [
								"calls",
								"records"
							]
						}
					},
					"response": []
				},
				{
					"name": "Update a Call Record",
					"request": {
						"method": "PUT",
						"header": [
							{
								"key": "x-mitel-app",
								"value": "{{x-mitel-app}}",
								"type": "text"
							}
						],
						"body": {
							"mode": "raw",
							"raw": "{\r\n    \"hide\": true\r\n}",
							"options": {
								"raw": {
									"language": "json"
								}
							}
						},
						"url": {
							"raw": "{{media_url}}/calls/{callID}/records",
							"host": [
								"{{media_url}}"
							],
							"path": [
								"calls",
								"{callID}",
								"records"
							]
						}
					},
					"response": []
				}
			]
		},
		{
			"name": "Conference",
			"item": [
				{
					"name": "A Conference",
					"request": {
						"method": "GET",
						"header": [
							{
								"key": "x-mitel-app",
								"value": "{{x-mitel-app}}",
								"type": "text"
							}
						],
						"url": {
							"raw": "{{media_url}}/conferences/{conferenceID}",
							"host": [
								"{{media_url}}"
							],
							"path": [
								"conferences",
								"{conferenceID}"
							],
							"query": [
								{
									"key": "$expand",
									"value": null,
									"description": "Odata expand param",
									"disabled": true
								}
							]
						}
					},
					"response": []
				},
				{
					"name": "Conferences in My Account",
					"request": {
						"method": "GET",
						"header": [
							{
								"key": "x-mitel-app",
								"value": "{{x-mitel-app}}",
								"type": "text"
							}
						],
						"url": {
							"raw": "{{media_url}}/conferences",
							"host": [
								"{{media_url}}"
							],
							"path": [
								"conferences"
							],
							"query": [
								{
									"key": "$skip",
									"value": null,
									"description": "Number of items to skip",
									"disabled": true
								},
								{
									"key": "$skipToken",
									"value": null,
									"description": "Continuation token from previous query for paging",
									"disabled": true
								},
								{
									"key": "$top",
									"value": null,
									"description": "Number of items to include",
									"disabled": true
								},
								{
									"key": "$filter",
									"value": null,
									"description": "Odata filter param",
									"disabled": true
								},
								{
									"key": "$orderby",
									"value": null,
									"description": "Odata filter param",
									"disabled": true
								},
								{
									"key": "$expand",
									"value": null,
									"description": "Odata expand param",
									"disabled": true
								}
							]
						}
					},
					"response": []
				},
				{
					"name": "Conferences for User",
					"request": {
						"method": "GET",
						"header": [
							{
								"key": "x-mitel-app",
								"value": "{{x-mitel-app}}",
								"type": "text"
							}
						],
						"url": {
							"raw": "{{media_url}}/users/{userID}/conferences",
							"host": [
								"{{media_url}}"
							],
							"path": [
								"users",
								"{userID}",
								"conferences"
							],
							"query": [
								{
									"key": "$skip",
									"value": null,
									"description": "Number of items to skip",
									"disabled": true
								},
								{
									"key": "$top",
									"value": null,
									"description": "Number of items to include",
									"disabled": true
								},
								{
									"key": "$filter",
									"value": null,
									"description": "Odata filter param",
									"disabled": true
								},
								{
									"key": "$orderby",
									"value": null,
									"description": "Odata filter param",
									"disabled": true
								},
								{
									"key": "$expand",
									"value": null,
									"description": "Odata expand param",
									"disabled": true
								}
							]
						}
					},
					"response": []
				},
				{
					"name": "Create a Conference",
					"request": {
						"method": "POST",
						"header": [
							{
								"key": "x-mitel-app",
								"value": "{{x-mitel-app}}",
								"type": "text"
							}
						],
						"body": {
							"mode": "raw",
							"raw": "{\r\n    \"id\": \"string\",\r\n    \"name\": \"string\",\r\n    \"type\": \"inviteOnly\",\r\n    \"lobbyPolicy\": \"pstnLobby\",\r\n    \"accessCodeLength\": 0,\r\n    \"expiryDateTime\": \"2019-08-24T14:15:22Z\",\r\n    \"participants\": [\r\n        {}\r\n    ]\r\n}",
							"options": {
								"raw": {
									"language": "json"
								}
							}
						},
						"url": {
							"raw": "{{media_url}}/conferences",
							"host": [
								"{{media_url}}"
							],
							"path": [
								"conferences"
							]
						}
					},
					"response": []
				},
				{
					"name": "Perform Action on Conference",
					"request": {
						"method": "POST",
						"header": [
							{
								"key": "x-mitel-app",
								"value": "{{x-mitel-app}}",
								"type": "text"
							}
						],
						"body": {
							"mode": "raw",
							"raw": "{\r\n    \"action\": \"end\"\r\n}",
							"options": {
								"raw": {
									"language": "json"
								}
							}
						},
						"url": {
							"raw": "{{media_url}}/conferences/{conferenceID}",
							"host": [
								"{{media_url}}"
							],
							"path": [
								"conferences",
								"{conferenceID}"
							]
						}
					},
					"response": []
				},
				{
					"name": "Update a Conference",
					"request": {
						"method": "PUT",
						"header": [
							{
								"key": "x-mitel-app",
								"value": "{{x-mitel-app}}",
								"type": "text"
							}
						],
						"body": {
							"mode": "raw",
							"raw": "{\r\n    \"name\": \"string\",\r\n    \"lobbyPolicy\": \"pstnLobby\"\r\n}",
							"options": {
								"raw": {
									"language": "json"
								}
							}
						},
						"url": {
							"raw": "{{media_url}}/conferences/{conferenceID}",
							"host": [
								"{{media_url}}"
							],
							"path": [
								"conferences",
								"{conferenceID}"
							]
						}
					},
					"response": []
				},
				{
					"name": "A Conference",
					"request": {
						"method": "DELETE",
						"header": [
							{
								"key": "x-mitel-app",
								"value": "{{x-mitel-app}}",
								"type": "text"
							}
						],
						"url": {
							"raw": "{{media_url}}/conferences/{conferenceID}",
							"host": [
								"{{media_url}}"
							],
							"path": [
								"conferences",
								"{conferenceID}"
							]
						}
					},
					"response": []
				},
				{
					"name": "Get User Meeting Attendance",
					"request": {
						"method": "GET",
						"header": [
							{
								"key": "x-mitel-app",
								"value": "{{x-mitel-app}}",
								"type": "text"
							}
						],
						"url": {
							"raw": "{{media_url}}/users/{userID}/attendances",
							"host": [
								"{{media_url}}"
							],
							"path": [
								"users",
								"{userID}",
								"attendances"
							],
							"query": [
								{
									"key": "$skip",
									"value": null,
									"description": "Number of items to skip",
									"disabled": true
								},
								{
									"key": "$skipToken",
									"value": null,
									"description": "Continuation token from previous query for paging",
									"disabled": true
								},
								{
									"key": "$top",
									"value": null,
									"description": "Number of items to include",
									"disabled": true
								},
								{
									"key": "$filter",
									"value": null,
									"description": "Odata filter param",
									"disabled": true
								},
								{
									"key": "$orderby",
									"value": null,
									"description": "Odata filter param",
									"disabled": true
								},
								{
									"key": "$expand",
									"value": null,
									"description": "Odata expand param",
									"disabled": true
								}
							]
						}
					},
					"response": []
				}
			]
		},
		{
			"name": "Participant",
			"item": [
				{
					"name": "A Participant",
					"request": {
						"method": "GET",
						"header": [
							{
								"key": "x-mitel-app",
								"value": "{{x-mitel-app}}",
								"type": "text"
							}
						],
						"url": {
							"raw": "{{media_url}}/conferences/{conferenceId}/participants/{participantId}",
							"host": [
								"{{media_url}}"
							],
							"path": [
								"conferences",
								"{conferenceId}",
								"participants",
								"{participantId}"
							]
						}
					},
					"response": []
				},
				{
					"name": "Participants of Conference",
					"request": {
						"method": "GET",
						"header": [
							{
								"key": "x-mitel-app",
								"value": "{{x-mitel-app}}",
								"type": "text"
							}
						],
						"url": {
							"raw": "{{media_url}}/conferences/{conferenceId}/participants",
							"host": [
								"{{media_url}}"
							],
							"path": [
								"conferences",
								"{conferenceId}",
								"participants"
							],
							"query": [
								{
									"key": "$skip",
									"value": null,
									"description": "Number of items to skip",
									"disabled": true
								},
								{
									"key": "$skipToken",
									"value": null,
									"description": "Continuation token from previous query for paging",
									"disabled": true
								},
								{
									"key": "$top",
									"value": null,
									"description": "Number of items to include",
									"disabled": true
								},
								{
									"key": "$filter",
									"value": null,
									"description": "Odata filter param",
									"disabled": true
								}
							]
						}
					},
					"response": []
				},
				{
					"name": "Add a Participant",
					"request": {
						"method": "POST",
						"header": [
							{
								"key": "x-mitel-app",
								"value": "{{x-mitel-app}}",
								"type": "text"
							}
						],
						"body": {
							"mode": "raw",
							"raw": "{\r\n    \"participantId\": \"string\"\r\n}",
							"options": {
								"raw": {
									"language": "json"
								}
							}
						},
						"url": {
							"raw": "{{media_url}/conferences/{conferenceId}/participants",
							"host": [
								"{{media_url}"
							],
							"path": [
								"conferences",
								"{conferenceId}",
								"participants"
							]
						}
					},
					"response": []
				},
				{
					"name": "Update a Participant",
					"request": {
						"method": "PUT",
						"header": [
							{
								"key": "x-mitel-app",
								"value": "{{x-mitel-app}}",
								"type": "text"
							}
						],
						"body": {
							"mode": "raw",
							"raw": "{\r\n    \"associatedParticipantId\": \"string\",\r\n    \"muted\": true,\r\n    \"action\": \"leave\",\r\n    \"onetimeAcceptance\": true\r\n}",
							"options": {
								"raw": {
									"language": "json"
								}
							}
						},
						"url": {
							"raw": "{{media_url}/conferences/{conferenceId}/participants/{participantID}",
							"host": [
								"{{media_url}"
							],
							"path": [
								"conferences",
								"{conferenceId}",
								"participants",
								"{participantID}"
							]
						}
					},
					"response": []
				},
				{
					"name": "Remove A Participant",
					"request": {
						"method": "DELETE",
						"header": [
							{
								"key": "x-mitel-app",
								"value": "{{x-mitel-app}}",
								"type": "text"
							}
						],
						"url": {
							"raw": "{{media_url}/conferences/{conferenceId}/participants/{participantID}",
							"host": [
								"{{media_url}"
							],
							"path": [
								"conferences",
								"{conferenceId}",
								"participants",
								"{participantID}"
							]
						}
					},
					"response": []
				},
				{
					"name": "Create Connection Details for Participant",
					"request": {
						"method": "POST",
						"header": [
							{
								"key": "x-mitel-app",
								"value": "{{x-mitel-app}}",
								"type": "text"
							}
						],
						"body": {
							"mode": "raw",
							"raw": "{\r\n    \"token\": \"string\",\r\n    \"mediaUrl\": \"string\",\r\n    \"signalingUrl\": \"string\",\r\n    \"turnUrl\": \"string\",\r\n    \"screenDataUrl\": \"string\",\r\n    \"screenSharingUrl\": \"string\",\r\n    \"screenViewingUrl\": \"string\",\r\n    \"externalId\": \"string\",\r\n    \"externalConferenceId\": \"string\"\r\n}",
							"options": {
								"raw": {
									"language": "json"
								}
							}
						},
						"url": {
							"raw": "{{media_url}}/conferences/{conferenceId}/participants/{participantId}/connections",
							"host": [
								"{{media_url}}"
							],
							"path": [
								"conferences",
								"{conferenceId}",
								"participants",
								"{participantId}",
								"connections"
							]
						}
					},
					"response": []
				}
			]
		},
		{
			"name": "Endpoint",
			"item": [
				{
					"name": "An Endpoint State",
					"request": {
						"method": "GET",
						"header": [
							{
								"key": "x-mitel-app",
								"value": "{{x-mitel-app}}",
								"type": "text"
							}
						],
						"url": {
							"raw": "{{media_url}}/endpoints/{endpointId}",
							"host": [
								"{{media_url}}"
							],
							"path": [
								"endpoints",
								"{endpointId}"
							]
						}
					},
					"response": []
				},
				{
					"name": "Change an Endpoint State",
					"request": {
						"method": "PUT",
						"header": [
							{
								"key": "x-mitel-app",
								"value": "{{x-mitel-app}}",
								"type": "text"
							}
						],
						"body": {
							"mode": "raw",
							"raw": "{\r\n    \"action\": \"dnd\",\r\n    \"userAvailability\": \"available\",\r\n    \"enabled\": false,\r\n    \"timeoutMs\": \"6000\"\r\n}",
							"options": {
								"raw": {
									"language": "json"
								}
							}
						},
						"url": {
							"raw": "{{media_url}}/endpoints/{endpointId}",
							"host": [
								"{{media_url}}"
							],
							"path": [
								"endpoints",
								"{endpointId}"
							]
						}
					},
					"response": []
				},
				{
					"name": "Call Forwarding Details",
					"request": {
						"method": "GET",
						"header": [
							{
								"key": "x-mitel-app",
								"value": "{{x-mitel-app}}",
								"type": "text"
							}
						],
						"url": {
							"raw": "{{media_url}}/endpoints/{endpointId}/forwardings",
							"host": [
								"{{media_url}}"
							],
							"path": [
								"endpoints",
								"{endpointId}",
								"forwardings"
							]
						}
					},
					"response": []
				},
				{
					"name": "Update Call Forwarding Details",
					"request": {
						"method": "PUT",
						"header": [
							{
								"key": "x-mitel-app",
								"value": "{{x-mitel-app}}",
								"type": "text"
							}
						],
						"body": {
							"mode": "raw",
							"raw": "{\r\n    \"action\": \"always\",\r\n    \"enabled\": false,\r\n    \"destination\": \"string\",\r\n    \"type\": \"internal\",\r\n    \"timeoutMs\": \"6000\"\r\n}",
							"options": {
								"raw": {
									"language": "json"
								}
							}
						},
						"url": {
							"raw": "{{media_url}}/endpoints/{endpointId}/forwardings",
							"host": [
								"{{media_url}}"
							],
							"path": [
								"endpoints",
								"{endpointId}",
								"forwardings"
							]
						}
					},
					"response": []
				},
				{
					"name": "Call Forwarding Details",
					"request": {
						"method": "DELETE",
						"header": [
							{
								"key": "x-mitel-app",
								"value": "{{x-mitel-app}}",
								"type": "text"
							}
						],
						"url": {
							"raw": "{{media_url}}/endpoints/{endpointId}/forwardings",
							"host": [
								"{{media_url}}"
							],
							"path": [
								"endpoints",
								"{endpointId}",
								"forwardings"
							]
						}
					},
					"response": []
				},
				{
					"name": "PSTN Routing Details",
					"request": {
						"method": "GET",
						"header": [
							{
								"key": "x-mitel-app",
								"value": "{{x-mitel-app}}",
								"type": "text"
							}
						],
						"url": {
							"raw": "{{media_url}}/endpoints/{endpointId}/pstn-routing",
							"host": [
								"{{media_url}}"
							],
							"path": [
								"endpoints",
								"{endpointId}",
								"pstn-routing"
							]
						}
					},
					"response": []
				},
				{
					"name": "Update PSTN Routing Details",
					"request": {
						"method": "PUT",
						"header": [
							{
								"key": "x-mitel-app",
								"value": "{{x-mitel-app}}",
								"type": "text"
							}
						],
						"url": {
							"raw": "{{media_url}}/endpoints/{endpointId}/pstn-routing",
							"host": [
								"{{media_url}}"
							],
							"path": [
								"endpoints",
								"{endpointId}",
								"pstn-routing"
							]
						}
					},
					"response": []
				},
				{
					"name": "PSTN Routing",
					"request": {
						"method": "DELETE",
						"header": [
							{
								"key": "x-mitel-app",
								"value": "{{x-mitel-app}}",
								"type": "text"
							}
						],
						"url": {
							"raw": "{{media_url}}/endpoints/{endpointId}/pstn-routing",
							"host": [
								"{{media_url}}"
							],
							"path": [
								"endpoints",
								"{endpointId}",
								"pstn-routing"
							]
						}
					},
					"response": []
				},
				{
					"name": "List Active Calls",
					"request": {
						"method": "GET",
						"header": [
							{
								"key": "x-mitel-app",
								"value": "{{x-mitel-app}}",
								"type": "text"
							}
						],
						"url": {
							"raw": "{{media_url}}/endpoints/{endpointId}/calls",
							"host": [
								"{{media_url}}"
							],
							"path": [
								"endpoints",
								"{endpointId}",
								"calls"
							],
							"query": [
								{
									"key": "$skip",
									"value": null,
									"description": "Number of items to skip",
									"disabled": true
								},
								{
									"key": "$top",
									"value": null,
									"description": "Number of items to include",
									"disabled": true
								},
								{
									"key": "$filter",
									"value": null,
									"description": "Odata filter param",
									"disabled": true
								}
							]
						}
					},
					"response": []
				},
				{
					"name": "Make a Call",
					"request": {
						"method": "POST",
						"header": [
							{
								"key": "x-mitel-app",
								"value": "{{x-mitel-app}}",
								"type": "text"
							}
						],
						"body": {
							"mode": "raw",
							"raw": "{\r\n    \"from\": \"string\",\r\n    \"fromName\": \"string\",\r\n    \"to\": \"string\",\r\n    \"record\": false,\r\n    \"timeoutMs\": \"6000\",\r\n    \"successUrl\": \"string\",\r\n    \"failureUrl\": \"string\",\r\n    \"associatedCallId\": \"string\"\r\n}",
							"options": {
								"raw": {
									"language": "json"
								}
							}
						},
						"url": {
							"raw": "{{media_url}}/endpoints/{endpointId}/calls",
							"host": [
								"{{media_url}}"
							],
							"path": [
								"endpoints",
								"{endpointId}",
								"calls"
							]
						}
					},
					"response": []
				},
				{
					"name": "An Active Call State",
					"request": {
						"method": "GET",
						"header": [
							{
								"key": "x-mitel-app",
								"value": "{{x-mitel-app}}",
								"type": "text"
							}
						],
						"url": {
							"raw": "{{media_url}}/endpoints/{endpointId}/calls/{callId}",
							"host": [
								"{{media_url}}"
							],
							"path": [
								"endpoints",
								"{endpointId}",
								"calls",
								"{callId}"
							],
							"query": [
								{
									"key": "$skip",
									"value": null,
									"description": "Number of items to skip",
									"disabled": true
								},
								{
									"key": "$top",
									"value": null,
									"description": "Number of items to include",
									"disabled": true
								},
								{
									"key": "$filter",
									"value": null,
									"description": "Odata filter param",
									"disabled": true
								}
							]
						}
					},
					"response": []
				},
				{
					"name": "Change Active Call State",
					"request": {
						"method": "PUT",
						"header": [
							{
								"key": "x-mitel-app",
								"value": "{{x-mitel-app}}",
								"type": "text"
							}
						],
						"body": {
							"mode": "raw",
							"raw": "{\r\n    \"action\": \"answer\",\r\n    \"args\": \"string\"\r\n}",
							"options": {
								"raw": {
									"language": "json"
								}
							}
						},
						"url": {
							"raw": "{{media_url}}/endpoints/{endpointId}/calls/{callId}",
							"host": [
								"{{media_url}}"
							],
							"path": [
								"endpoints",
								"{endpointId}",
								"calls",
								"{callId}"
							]
						}
					},
					"response": []
				}
			]
		},
		{
			"name": "DID",
			"item": [
				{
					"name": "a DID",
					"request": {
						"method": "GET",
						"header": [
							{
								"key": "x-mitel-app",
								"value": "{{x-mitel-app}}",
								"type": "text"
							}
						],
						"url": {
							"raw": "{{media_url}}/dids/{didNumber}",
							"host": [
								"{{media_url}}"
							],
							"path": [
								"dids",
								"{didNumber}"
							]
						}
					},
					"response": []
				},
				{
					"name": "All DIDs",
					"request": {
						"method": "GET",
						"header": [
							{
								"key": "x-mitel-app",
								"value": "{{x-mitel-app}}",
								"type": "text"
							}
						],
						"url": {
							"raw": "{{media_url}}/dids",
							"host": [
								"{{media_url}}"
							],
							"path": [
								"dids"
							]
						}
					},
					"response": []
				},
				{
					"name": "Create a DID",
					"request": {
						"method": "POST",
						"header": [
							{
								"key": "x-mitel-app",
								"value": "{{x-mitel-app}}",
								"type": "text"
							}
						],
						"body": {
							"mode": "raw",
							"raw": "{\r\n    \"didNumber\": \"string\",\r\n    \"termination\": \"string\",\r\n    \"description\": \"string\"\r\n}",
							"options": {
								"raw": {
									"language": "json"
								}
							}
						},
						"url": {
							"raw": "{{media_url}}/dids",
							"host": [
								"{{media_url}}"
							],
							"path": [
								"dids"
							]
						}
					},
					"response": []
				},
				{
					"name": "Update a DID",
					"request": {
						"method": "PUT",
						"header": [
							{
								"key": "x-mitel-app",
								"value": "{{x-mitel-app}}",
								"type": "text"
							}
						],
						"body": {
							"mode": "raw",
							"raw": "{\r\n    \"termination\": \"string\",\r\n    \"description\": \"string\"\r\n}",
							"options": {
								"raw": {
									"language": "json"
								}
							}
						},
						"url": {
							"raw": "{{media_url}}/dids/{didNumber}",
							"host": [
								"{{media_url}}"
							],
							"path": [
								"dids",
								"{didNumber}"
							]
						}
					},
					"response": []
				},
				{
					"name": "a DID",
					"request": {
						"method": "DELETE",
						"header": [
							{
								"key": "x-mitel-app",
								"value": "{{x-mitel-app}}",
								"type": "text"
							}
						],
						"url": {
							"raw": "{{media_url}}/dids/{didNumber}",
							"host": [
								"{{media_url}}"
							],
							"path": [
								"dids",
								"{didNumber}"
							]
						}
					},
					"response": []
				}
			]
		},
		{
			"name": "Extension",
			"item": [
				{
					"name": "An Extension",
					"request": {
						"method": "GET",
						"header": [
							{
								"key": "x-mitel-app",
								"value": "{{x-mitel-app}}",
								"type": "text"
							}
						],
						"url": {
							"raw": "{{media_url}}/extensions/{ExtensionNumber}",
							"host": [
								"{{media_url}}"
							],
							"path": [
								"extensions",
								"{ExtensionNumber}"
							]
						}
					},
					"response": []
				},
				{
					"name": "All Extensions",
					"request": {
						"method": "GET",
						"header": [
							{
								"key": "x-mitel-app",
								"value": "{{x-mitel-app}}",
								"type": "text"
							}
						],
						"url": {
							"raw": "{{media_url}}/extensions",
							"host": [
								"{{media_url}}"
							],
							"path": [
								"extensions"
							],
							"query": [
								{
									"key": "$orderby",
									"value": null,
									"description": "Odata orderby param. Uses the format $orderby=extensionNumber (asc|desc). If neither asc nor desc is defined, `asc is used.",
									"disabled": true
								},
								{
									"key": "$top",
									"value": null,
									"description": "Get number of extensions",
									"disabled": true
								}
							]
						}
					},
					"response": []
				},
				{
					"name": "Create Extension",
					"request": {
						"method": "POST",
						"header": [
							{
								"key": "x-mitel-app",
								"value": "{{x-mitel-app}}",
								"type": "text"
							}
						],
						"body": {
							"mode": "raw",
							"raw": "{\r\n    \"extensionNumber\": \"string\",\r\n    \"assignedToPrincipalId\": \"string\",\r\n    \"description\": \"string\"\r\n}",
							"options": {
								"raw": {
									"language": "json"
								}
							}
						},
						"url": {
							"raw": "{{media_url}}/extensions",
							"host": [
								"{{media_url}}"
							],
							"path": [
								"extensions"
							]
						}
					},
					"response": []
				},
				{
					"name": "Update Extension",
					"request": {
						"method": "PUT",
						"header": [
							{
								"key": "x-mitel-app",
								"value": "{{x-mitel-app}}",
								"type": "text"
							}
						],
						"body": {
							"mode": "raw",
							"raw": "{\r\n    \"assignedToPrincipalId\": \"string\",\r\n    \"description\": \"string\"\r\n}",
							"options": {
								"raw": {
									"language": "json"
								}
							}
						},
						"url": {
							"raw": "{{media_url}}/extensions/{ExtensionNumber}",
							"host": [
								"{{media_url}}"
							],
							"path": [
								"extensions",
								"{ExtensionNumber}"
							]
						}
					},
					"response": []
				},
				{
					"name": "Extension",
					"request": {
						"method": "DELETE",
						"header": [
							{
								"key": "x-mitel-app",
								"value": "{{x-mitel-app}}",
								"type": "text"
							}
						],
						"url": {
							"raw": "{{media_url}}/extensions/{ExtensionNumber}",
							"host": [
								"{{media_url}}"
							],
							"path": [
								"extensions",
								"{ExtensionNumber}"
							]
						}
					},
					"response": []
				}
			]
		},
		{
			"name": "Recording",
			"item": [
				{
					"name": "All Recordings in Account",
					"request": {
						"method": "GET",
						"header": [
							{
								"key": "x-mitel-app",
								"value": "{{x-mitel-app}}",
								"type": "text"
							}
						],
						"url": {
							"raw": "{{media_url}}/recordings",
							"host": [
								"{{media_url}}"
							],
							"path": [
								"recordings"
							],
							"query": [
								{
									"key": "$skip",
									"value": null,
									"description": "Number of items to skip",
									"disabled": true
								},
								{
									"key": "$top",
									"value": null,
									"description": "Number of items to include",
									"disabled": true
								},
								{
									"key": "$filter",
									"value": null,
									"description": "Odata filter param",
									"disabled": true
								},
								{
									"key": "$orderby",
									"value": null,
									"description": "Odata filter param",
									"disabled": true
								}
							]
						}
					},
					"response": []
				},
				{
					"name": "Recording Metadata and File",
					"request": {
						"method": "GET",
						"header": [
							{
								"key": "x-mitel-app",
								"value": "{{x-mitel-app}}",
								"type": "text"
							}
						],
						"url": {
							"raw": "{{media_url}}/recordings/{recordingID}",
							"host": [
								"{{media_url}}"
							],
							"path": [
								"recordings",
								"{recordingID}"
							],
							"query": [
								{
									"key": "media-format",
									"value": null,
									"description": "Format of the file in the embedded media link.",
									"disabled": true
								}
							]
						}
					},
					"response": []
				},
				{
					"name": "Update Recording Metadata",
					"request": {
						"method": "PUT",
						"header": [
							{
								"key": "x-mitel-app",
								"value": "{{x-mitel-app}}",
								"type": "text"
							}
						],
						"body": {
							"mode": "raw",
							"raw": "{\r\n\r\n    \"label\": \"string\"\r\n\r\n}",
							"options": {
								"raw": {
									"language": "json"
								}
							}
						},
						"url": {
							"raw": "{{media_url}}/recordings/{recordingID}",
							"host": [
								"{{media_url}}"
							],
							"path": [
								"recordings",
								"{recordingID}"
							]
						}
					},
					"response": []
				},
				{
					"name": "Recording",
					"request": {
						"method": "DELETE",
						"header": [
							{
								"key": "x-mitel-app",
								"value": "{{x-mitel-app}}",
								"type": "text"
							}
						],
						"url": {
							"raw": "{{media_url}}/recordings/{recordingID}",
							"host": [
								"{{media_url}}"
							],
							"path": [
								"recordings",
								"{recordingID}"
							]
						}
					},
					"response": []
				}
			]
		},
		{
			"name": "Prompt",
			"item": [
				{
					"name": "Prompts",
					"request": {
						"method": "GET",
						"header": [
							{
								"key": "x-mitel-app",
								"value": "{{x-mitel-app}}",
								"type": "text"
							}
						],
						"url": {
							"raw": "{{media_url}}/prompts",
							"host": [
								"{{media_url}}"
							],
							"path": [
								"prompts"
							],
							"query": [
								{
									"key": "$skip",
									"value": null,
									"description": "Number of items to skip",
									"disabled": true
								},
								{
									"key": "$top",
									"value": null,
									"description": "Number of items to include",
									"disabled": true
								},
								{
									"key": "$filter",
									"value": null,
									"description": "Odata filter param",
									"disabled": true
								},
								{
									"key": "$orderby",
									"value": null,
									"description": "Odata filter param",
									"disabled": true
								}
							]
						}
					},
					"response": []
				},
				{
					"name": "Prompt Media",
					"request": {
						"method": "GET",
						"header": [
							{
								"key": "x-mitel-app",
								"value": "{{x-mitel-app}}",
								"type": "text"
							}
						],
						"url": {
							"raw": "{{media_url}}/prompts/{promptID}",
							"host": [
								"{{media_url}}"
							],
							"path": [
								"prompts",
								"{promptID}"
							]
						}
					},
					"response": []
				},
				{
					"name": "Create Prompt",
					"request": {
						"method": "POST",
						"header": [
							{
								"key": "x-mitel-app",
								"value": "{{x-mitel-app}}",
								"type": "text"
							}
						],
						"body": {
							"mode": "raw",
							"raw": "{\r\n    \"name\": \"string\",\r\n    \"extension\": \"string\",\r\n    \"language\": \"string\",\r\n    \"source\": \"string\"\r\n}",
							"options": {
								"raw": {
									"language": "json"
								}
							}
						},
						"url": {
							"raw": "{{media_url}}/prompts",
							"host": [
								"{{media_url}}"
							],
							"path": [
								"prompts"
							]
						}
					},
					"response": []
				},
				{
					"name": "Update Prompt Media",
					"request": {
						"method": "PUT",
						"header": [
							{
								"key": "x-mitel-app",
								"value": "{{x-mitel-app}}",
								"type": "text"
							}
						],
						"body": {
							"mode": "file",
							"file": {}
						},
						"url": {
							"raw": "{{media_url}}/prompts/{promptID}",
							"host": [
								"{{media_url}}"
							],
							"path": [
								"prompts",
								"{promptID}"
							]
						}
					},
					"response": []
				},
				{
					"name": "Prompt",
					"request": {
						"method": "DELETE",
						"header": [
							{
								"key": "x-mitel-app",
								"value": "{{x-mitel-app}}",
								"type": "text"
							}
						],
						"url": {
							"raw": "{{media_url}}/prompts/{promptID}",
							"host": [
								"{{media_url}}"
							],
							"path": [
								"prompts",
								"{promptID}"
							]
						}
					},
					"response": []
				},
				{
					"name": "Prompt Metadata",
					"request": {
						"method": "GET",
						"header": [
							{
								"key": "x-mitel-app",
								"value": "{{x-mitel-app}}",
								"type": "text"
							}
						],
						"url": {
							"raw": "{{media_url}}/prompts/{promptID}/meta",
							"host": [
								"{{media_url}}"
							],
							"path": [
								"prompts",
								"{promptID}",
								"meta"
							]
						}
					},
					"response": []
				}
			]
		},
		{
			"name": "Voicemail",
			"item": [
				{
					"name": "A Voicemail Box",
					"request": {
						"method": "GET",
						"header": [
							{
								"key": "x-mitel-app",
								"value": "{{x-mitel-app}}",
								"type": "text"
							}
						],
						"url": {
							"raw": "{{media_url}}/voicemailboxes/{voicemailNumber}",
							"host": [
								"{{media_url}}"
							],
							"path": [
								"voicemailboxes",
								"{voicemailNumber}"
							]
						}
					},
					"response": []
				},
				{
					"name": "All Voicemail Boxes",
					"request": {
						"method": "GET",
						"header": [
							{
								"key": "x-mitel-app",
								"value": "{{x-mitel-app}}",
								"type": "text"
							}
						],
						"url": {
							"raw": "{{media_url}}/voicemailboxes",
							"host": [
								"{{media_url}}"
							],
							"path": [
								"voicemailboxes"
							]
						}
					},
					"response": []
				},
				{
					"name": "Create Voicemail Box",
					"request": {
						"method": "POST",
						"header": [
							{
								"key": "x-mitel-app",
								"value": "{{x-mitel-app}}",
								"type": "text"
							}
						],
						"body": {
							"mode": "raw",
							"raw": "{\r\n    \"voicemailNumber\": \"string\"\r\n}",
							"options": {
								"raw": {
									"language": "json"
								}
							}
						},
						"url": {
							"raw": "{{media_url}}/voicemailboxes",
							"host": [
								"{{media_url}}"
							],
							"path": [
								"voicemailboxes"
							]
						}
					},
					"response": []
				},
				{
					"name": "Voicemail Box",
					"request": {
						"method": "DELETE",
						"header": [
							{
								"key": "x-mitel-app",
								"value": "{{x-mitel-app}}",
								"type": "text"
							}
						],
						"url": {
							"raw": "{{media_url}}/voicemailboxes/{voicemailNumber}",
							"host": [
								"{{media_url}}"
							],
							"path": [
								"voicemailboxes",
								"{voicemailNumber}"
							]
						}
					},
					"response": []
				},
				{
					"name": "A User Voicemail Box",
					"request": {
						"method": "GET",
						"header": [
							{
								"key": "x-mitel-app",
								"value": "{{x-mitel-app}}",
								"type": "text"
							}
						],
						"url": {
							"raw": "{{media_url}}/users/{userID}/voicemailboxes/{voicemailNumber}",
							"host": [
								"{{media_url}}"
							],
							"path": [
								"users",
								"{userID}",
								"voicemailboxes",
								"{voicemailNumber}"
							]
						}
					},
					"response": []
				},
				{
					"name": "All User Voicemail Boxes",
					"request": {
						"method": "GET",
						"header": [
							{
								"key": "x-mitel-app",
								"value": "{{x-mitel-app}}",
								"type": "text"
							}
						],
						"url": {
							"raw": "{{media_url}}/users/{userID}/voicemailboxes",
							"host": [
								"{{media_url}}"
							],
							"path": [
								"users",
								"{userID}",
								"voicemailboxes"
							]
						}
					},
					"response": []
				},
				{
					"name": "Create User Voicemail Box",
					"request": {
						"method": "POST",
						"header": [
							{
								"key": "x-mitel-app",
								"value": "{{x-mitel-app}}",
								"type": "text"
							}
						],
						"body": {
							"mode": "raw",
							"raw": "{\r\n    \"voicemailNumber\": \"string\"\r\n}",
							"options": {
								"raw": {
									"language": "json"
								}
							}
						},
						"url": {
							"raw": "{{media_url}}/user/{userID}/voicemailboxes",
							"host": [
								"{{media_url}}"
							],
							"path": [
								"user",
								"{userID}",
								"voicemailboxes"
							]
						}
					},
					"response": []
				},
				{
					"name": "User Voicemail Box",
					"request": {
						"method": "DELETE",
						"header": [
							{
								"key": "x-mitel-app",
								"value": "{{x-mitel-app}}",
								"type": "text"
							}
						],
						"url": {
							"raw": "{{media_url}}/user/{userID}/voicemailboxes/{voicemailNumber}",
							"host": [
								"{{media_url}}"
							],
							"path": [
								"user",
								"{userID}",
								"voicemailboxes",
								"{voicemailNumber}"
							]
						}
					},
					"response": []
				}
			]
		},
		{
			"name": "API Specification",
			"request": {
				"method": "GET",
				"header": [],
				"url": {
					"raw": "{{media_url}}/_spec",
					"host": [
						"{{media_url}}"
					],
					"path": [
						"_spec"
					]
				}
			},
			"response": []
		}
	],
	"auth": {
		"type": "bearer",
		"bearer": [
			{
				"key": "token",
				"value": "{{access_token}}",
				"type": "string"
			}
		]
	},
	"event": [
		{
			"listen": "prerequest",
			"script": {
				"type": "text/javascript",
				"exec": [
					""
				]
			}
		},
		{
			"listen": "test",
			"script": {
				"type": "text/javascript",
				"exec": [
					""
				]
			}
		}
	]
}